roi_id,source_image,bbox_x1,bbox_y1,bbox_x2,bbox_y2,area,center_x,center_y,crop_path
roi_0000,Albaninė Šilagėlė.JPG,1824,1607,2320,2245,145129,2072,1926,data/cropped_rois/roi_0000.jpg
roi_0001,Albaninė Šilagėlė.JPG,1258,1284,1624,1861,106556,1441,1572,data/cropped_rois/roi_0001.jpg
roi_0002,Albaninė Šilagėlė.JPG,2892,1100,3526,1579,148419,3209,1339,data/cropped_rois/roi_0002.jpg
roi_0003,Albaninė Šilagėlė.JPG,545,0,3696,1129,1561956,2130,554,data/cropped_rois/roi_0003.jpg
roi_0004,DSCF1430-2.JPG,210,1147,550,1365,31878,380,1266,data/cropped_rois/roi_0004.jpg
roi_0005,DSCF1430-2.JPG,637,34,2047,1172,754342,1352,603,data/cropped_rois/roi_0005.jpg
roi_0006,DSCF1430-2.JPG,0,13,517,924,168739,248,468,data/cropped_rois/roi_0006.jpg
roi_0007,DSCF1430-2.JPG,1668,0,2047,236,63231,1867,108,data/cropped_rois/roi_0007.jpg
roi_0008,DSCF1430-2.JPG,654,0,934,394,50769,794,187,data/cropped_rois/roi_0008.jpg
roi_0009,DSCF1431-2.JPG,111,1080,496,1365,45393,303,1232,data/cropped_rois/roi_0009.jpg
roi_0010,DSCF1431-2.JPG,928,540,1529,1124,148827,1228,832,data/cropped_rois/roi_0010.jpg
roi_0011,DSCF1431-2.JPG,0,522,399,710,29031,199,616,data/cropped_rois/roi_0011.jpg
roi_0012,DSCF1431-2.JPG,600,422,862,694,29741,731,558,data/cropped_rois/roi_0012.jpg
roi_0013,DSCF1431-2.JPG,0,212,329,681,65318,154,446,data/cropped_rois/roi_0013.jpg
roi_0014,DSCF1431-2.JPG,1268,0,2048,625,246566,1668,302,data/cropped_rois/roi_0014.jpg
roi_0015,DSCF1431-2.JPG,187,0,660,405,100597,423,192,data/cropped_rois/roi_0015.jpg
roi_0016,DSCF1441-2.JPG,591,45,1844,1156,686485,1217,600,data/cropped_rois/roi_0016.jpg
roi_0017,DSCF1441-2.JPG,1698,0,2047,444,111941,1882,212,data/cropped_rois/roi_0017.jpg
roi_0018,DSCF1442-2.JPG,113,340,2048,1321,658338,1090,830,data/cropped_rois/roi_0018.jpg
roi_0019,DSCF1442-2.JPG,1678,251,2048,719,44800,1873,485,data/cropped_rois/roi_0019.jpg
roi_0020,DSCF1442-2.JPG,1206,55,1842,250,39384,1524,152,data/cropped_rois/roi_0020.jpg
roi_0021,DSCF1442-2.JPG,0,0,491,676,176157,235,328,data/cropped_rois/roi_0021.jpg
roi_0022,DSCF1486-2.JPG,65,0,1911,1365,1287683,988,682,data/cropped_rois/roi_0022.jpg
roi_0023,DSCF1487-2.JPG,0,99,1914,1365,1125911,947,742,data/cropped_rois/roi_0023.jpg
roi_0024,DSCF1487-2.JPG,1445,0,2048,651,162286,1756,315,data/cropped_rois/roi_0024.jpg
roi_0025,DSCF1504-2.JPG,37,0,2048,1365,1753800,1052,682,data/cropped_rois/roi_0025.jpg
roi_0026,DSCF1504-2.JPG,0,0,579,455,153482,279,217,data/cropped_rois/roi_0026.jpg
roi_0027,DSCF1505-2.JPG,0,0,2047,1365,2053173,1023,692,data/cropped_rois/roi_0027.jpg
roi_0028,DSCF1505-2.JPG,1602,0,2047,274,83271,1834,127,data/cropped_rois/roi_0028.jpg
roi_0029,DSCF1506-2.JPG,0,0,2048,1365,2660799,1024,682,data/cropped_rois/roi_0029.jpg
roi_0030,DSCF1511-2.JPG,1453,1106,1804,1365,31521,1628,1245,data/cropped_rois/roi_0030.jpg
roi_0031,DSCF1511-2.JPG,0,515,324,894,64061,152,704,data/cropped_rois/roi_0031.jpg
roi_0032,DSCF1511-2.JPG,708,70,1548,1037,428642,1128,553,data/cropped_rois/roi_0032.jpg
roi_0033,DSCF1511-2.JPG,35,0,416,223,29832,225,101,data/cropped_rois/roi_0033.jpg
roi_0034,DSCF1512-2.JPG,0,0,1956,1365,1074976,968,682,data/cropped_rois/roi_0034.jpg
roi_0035,DSCF1532-2.JPG,1333,1067,1656,1365,32397,1494,1226,data/cropped_rois/roi_0035.jpg
roi_0036,DSCF1532-2.JPG,0,0,2048,1365,1752984,1024,682,data/cropped_rois/roi_0036.jpg
roi_0037,DSCF1541-2.JPG,239,0,2048,1365,1780637,1153,682,data/cropped_rois/roi_0037.jpg
roi_0038,DSCF1560-2.JPG,1438,953,2048,1365,86047,1753,1169,data/cropped_rois/roi_0038.jpg
roi_0039,DSCF1560-2.JPG,0,883,302,1302,51568,141,1092,data/cropped_rois/roi_0039.jpg
roi_0040,DSCF1560-2.JPG,1189,634,1713,1044,60539,1451,839,data/cropped_rois/roi_0040.jpg
roi_0041,DSCF1560-2.JPG,861,550,1192,896,35849,1026,723,data/cropped_rois/roi_0041.jpg
roi_0042,DSCF1560-2.JPG,19,340,537,652,63383,278,496,data/cropped_rois/roi_0042.jpg
roi_0043,DSCF1560-2.JPG,905,287,1212,635,29768,1058,461,data/cropped_rois/roi_0043.jpg
roi_0044,DSCF1563-2.JPG,475,841,1777,1365,307643,1126,1113,data/cropped_rois/roi_0044.jpg
roi_0045,DSCF1563-2.JPG,0,821,409,1365,102240,194,1103,data/cropped_rois/roi_0045.jpg
roi_0046,DSCF1563-2.JPG,207,536,525,871,46828,366,703,data/cropped_rois/roi_0046.jpg
roi_0047,DSCF1563-2.JPG,374,57,1349,1050,456396,861,553,data/cropped_rois/roi_0047.jpg
roi_0048,DSCF1563-2.JPG,1459,0,1903,375,90351,1681,177,data/cropped_rois/roi_0048.jpg
roi_0049,DSCF1564-2.JPG,0,1142,447,1365,42204,213,1263,data/cropped_rois/roi_0049.jpg
roi_0050,DSCF1564-2.JPG,1114,859,1916,1365,168195,1515,1122,data/cropped_rois/roi_0050.jpg
roi_0051,DSCF1564-2.JPG,1782,514,2048,890,47013,1925,702,data/cropped_rois/roi_0051.jpg
roi_0052,DSCF1564-2.JPG,0,184,614,1097,238047,297,640,data/cropped_rois/roi_0052.jpg
roi_0053,DSCF1564-2.JPG,455,76,804,500,50032,629,288,data/cropped_rois/roi_0053.jpg
roi_0054,DSCF1564-2.JPG,430,0,1656,1360,506728,1043,670,data/cropped_rois/roi_0054.jpg
roi_0055,DSCF1571-2.JPG,1040,892,1797,1365,125848,1418,1138,data/cropped_rois/roi_0055.jpg
roi_0056,DSCF1571-2.JPG,1617,108,2047,801,172584,1842,454,data/cropped_rois/roi_0056.jpg
roi_0057,DSCF1571-2.JPG,0,0,1734,1365,934893,857,682,data/cropped_rois/roi_0057.jpg
roi_0058,DSCF1573-2.JPG,112,951,878,1365,138183,495,1168,data/cropped_rois/roi_0058.jpg
roi_0059,DSCF1573-2.JPG,1294,515,1808,907,82275,1551,711,data/cropped_rois/roi_0059.jpg
roi_0060,DSCF1573-2.JPG,1250,311,1536,602,37643,1393,456,data/cropped_rois/roi_0060.jpg
roi_0061,DSCF1573-2.JPG,292,291,617,621,45644,454,456,data/cropped_rois/roi_0061.jpg
roi_0062,DSCF1573-2.JPG,821,39,1229,744,105140,1025,391,data/cropped_rois/roi_0062.jpg
roi_0063,DSCF1575-2.JPG,619,852,1046,1365,78273,832,1118,data/cropped_rois/roi_0063.jpg
roi_0064,DSCF1575-2.JPG,1395,748,1894,1206,87334,1644,977,data/cropped_rois/roi_0064.jpg
roi_0065,DSCF1575-2.JPG,0,695,324,1198,89264,152,946,data/cropped_rois/roi_0065.jpg
roi_0066,DSCF1575-2.JPG,816,396,1580,1000,185120,1198,698,data/cropped_rois/roi_0066.jpg
roi_0067,DSCF1575-2.JPG,268,257,598,654,59452,433,455,data/cropped_rois/roi_0067.jpg
roi_0068,DSCF1575-2.JPG,644,60,928,540,45369,786,300,data/cropped_rois/roi_0068.jpg
roi_0069,DSCF1575-2.JPG,1759,0,2048,215,34428,1909,97,data/cropped_rois/roi_0069.jpg
roi_0070,DSCF8139-2.JPG,1237,1794,2092,2689,188043,1664,2241,data/cropped_rois/roi_0070.jpg
roi_0071,DSCF8139-2.JPG,895,1498,1528,1990,153433,1211,1744,data/cropped_rois/roi_0071.jpg
roi_0072,DSCF8139-2.JPG,2141,1081,3189,2472,827684,2665,1776,data/cropped_rois/roi_0072.jpg
roi_0073,DSCF8139-2.JPG,1657,758,2232,1957,206424,1944,1357,data/cropped_rois/roi_0073.jpg
roi_0074,DSCF8139-2.JPG,484,328,1933,968,267776,1208,648,data/cropped_rois/roi_0074.jpg
roi_0075,DSCF8139-2.JPG,2156,59,2792,679,168799,2474,369,data/cropped_rois/roi_0075.jpg
roi_0076,DSCF8141-2.JPG,2420,2293,3220,3018,187606,2820,2655,data/cropped_rois/roi_0076.jpg
roi_0077,DSCF8141-2.JPG,827,1136,2226,2290,774730,1526,1713,data/cropped_rois/roi_0077.jpg
roi_0078,DSCF8141-2.JPG,3471,1073,4440,2046,522388,3955,1559,data/cropped_rois/roi_0078.jpg
roi_0079,DSCF8141-2.JPG,2348,992,3290,1914,261775,2819,1453,data/cropped_rois/roi_0079.jpg
roi_0080,DSCF8141-2.JPG,1195,0,2620,1136,918249,1907,558,data/cropped_rois/roi_0080.jpg
roi_0081,DSCF8145-2.JPG,1844,2551,3442,3083,567763,2643,2827,data/cropped_rois/roi_0081.jpg
roi_0082,DSCF8145-2.JPG,3953,1847,4624,2449,235686,4298,2148,data/cropped_rois/roi_0082.jpg
roi_0083,DSCF8145-2.JPG,3164,757,4028,1848,208958,3596,1302,data/cropped_rois/roi_0083.jpg
roi_0084,DSCF8145-2.JPG,1800,662,2294,1579,216169,2047,1120,data/cropped_rois/roi_0084.jpg
roi_0085,DSCF8145-2.JPG,875,145,1481,907,156859,1178,526,data/cropped_rois/roi_0085.jpg
roi_0086,DSCF8145-2.JPG,4143,0,4624,1030,327092,4393,505,data/cropped_rois/roi_0086.jpg
roi_0087,DSCF8148-2.JPG,2212,2351,2753,2930,115241,2482,2640,data/cropped_rois/roi_0087.jpg
roi_0088,DSCF8148-2.JPG,0,1207,670,2355,262273,325,1781,data/cropped_rois/roi_0088.jpg
roi_0089,DSCF8148-2.JPG,1367,921,1939,1600,139353,1653,1260,data/cropped_rois/roi_0089.jpg
roi_0090,DSCF8151-2.JPG,1087,2437,2171,3569,622801,1629,3013,data/cropped_rois/roi_0090.jpg
roi_0091,DSCF8151-2.JPG,0,1784,2294,3214,1333903,1137,2499,data/cropped_rois/roi_0091.jpg
roi_0092,DSCF8151-2.JPG,40,1077,837,1735,274117,438,1406,data/cropped_rois/roi_0092.jpg
roi_0093,DSCF8151-2.JPG,1336,947,3590,3488,854038,2463,2217,data/cropped_rois/roi_0093.jpg
roi_0094,DSCF8151-2.JPG,4124,846,5305,1619,423939,4714,1232,data/cropped_rois/roi_0094.jpg
roi_0095,DSCF8154-2.JPG,2325,2544,3040,3334,139537,2682,2939,data/cropped_rois/roi_0095.jpg
roi_0096,DSCF8154-2.JPG,1126,1582,1849,2380,208668,1487,1981,data/cropped_rois/roi_0096.jpg
roi_0097,DSCF8154-2.JPG,0,1153,1381,3044,569027,680,2098,data/cropped_rois/roi_0097.jpg
roi_0098,DSCF8154-2.JPG,1963,291,3087,2535,252485,2525,1413,data/cropped_rois/roi_0098.jpg
roi_0099,DSCF8154-2.JPG,179,104,820,1119,233230,499,611,data/cropped_rois/roi_0099.jpg
roi_0100,DSCF8154-2.JPG,748,0,1807,1612,650995,1277,796,data/cropped_rois/roi_0100.jpg
roi_0101,DSCF8154-2.JPG,0,0,272,1425,202373,126,702,data/cropped_rois/roi_0101.jpg
roi_0102,DSCF8155-2.JPG,0,4595,1761,5548,1335727,870,5081,data/cropped_rois/roi_0102.jpg
roi_0103,DSCF8155-2.JPG,278,1942,1413,2961,356588,845,2451,data/cropped_rois/roi_0103.jpg
roi_0104,DSCF8155-2.JPG,2864,0,3190,1146,230034,3027,563,data/cropped_rois/roi_0104.jpg
roi_0105,DSCF8155-2.JPG,0,0,1173,867,526724,576,423,data/cropped_rois/roi_0105.jpg
roi_0106,DSCF8157-2.JPG,0,5303,1816,5547,353570,898,5435,data/cropped_rois/roi_0106.jpg
roi_0107,DSCF8157-2.JPG,1997,4211,2976,5233,236821,2486,4722,data/cropped_rois/roi_0107.jpg
roi_0108,DSCF8157-2.JPG,2590,2616,3598,3036,241003,3094,2826,data/cropped_rois/roi_0108.jpg
roi_0109,DSCF8157-2.JPG,462,2427,1704,3544,436220,1083,2985,data/cropped_rois/roi_0109.jpg
roi_0110,DSCF8157-2.JPG,3365,0,3695,1486,315466,3530,733,data/cropped_rois/roi_0110.jpg
roi_0111,DSCF8157-2.JPG,0,0,1594,1234,902446,787,607,data/cropped_rois/roi_0111.jpg
roi_0112,DSCF8158-2.JPG,0,4918,872,5283,271103,426,5110,data/cropped_rois/roi_0112.jpg
roi_0113,DSCF8158-2.JPG,1173,2499,2145,3428,297527,1659,2963,data/cropped_rois/roi_0113.jpg
roi_0114,DSCF8158-2.JPG,0,2207,781,4348,395921,380,3277,data/cropped_rois/roi_0114.jpg
roi_0115,DSCF8158-2.JPG,5,512,558,1615,188814,281,1063,data/cropped_rois/roi_0115.jpg
roi_0116,DSCF8158-2.JPG,771,259,1908,1365,548471,1339,812,data/cropped_rois/roi_0116.jpg
roi_0117,DSCF8161-2.JPG,0,3974,791,4857,533925,385,4415,data/cropped_rois/roi_0117.jpg
roi_0118,DSCF8161-2.JPG,778,3820,2215,4436,284343,1496,4128,data/cropped_rois/roi_0118.jpg
roi_0119,DSCF8161-2.JPG,0,1868,1168,3354,496272,574,2611,data/cropped_rois/roi_0119.jpg
roi_0120,DSCF8161-2.JPG,1365,1114,2179,2076,310365,1772,1595,data/cropped_rois/roi_0120.jpg
roi_0121,DSCF8161-2.JPG,0,0,621,941,241147,300,460,data/cropped_rois/roi_0121.jpg
roi_0122,DSCF8163-2.JPG,951,5010,3570,5484,249909,2260,5257,data/cropped_rois/roi_0122.jpg
roi_0123,DSCF8163-2.JPG,652,712,1628,2084,237375,1140,1398,data/cropped_rois/roi_0123.jpg
roi_0124,DSCF8165-2.JPG,0,860,2476,3875,2139647,1228,2377,data/cropped_rois/roi_0124.jpg
roi_0125,DSCF8165-2.JPG,1712,859,4757,2868,1699746,3234,1863,data/cropped_rois/roi_0125.jpg
roi_0126,DSCF8165-2.JPG,4925,0,5813,1227,464372,5379,603,data/cropped_rois/roi_0126.jpg
roi_0127,DSCF8165-2.JPG,0,0,677,1796,741818,328,888,data/cropped_rois/roi_0127.jpg
roi_0128,DSC_0036.JPG,1507,613,2969,2448,740739,2238,1540,data/cropped_rois/roi_0128.jpg
roi_0129,DSC_5562[.jpg,2653,1640,3185,2900,170791,2919,2270,data/cropped_rois/roi_0129.jpg
roi_0130,DSC_5562[.jpg,3345,0,4928,2129,2061858,4146,1054,data/cropped_rois/roi_0130.jpg
roi_0131,DSC_5566.JPG,0,1614,818,2073,209374,399,1843,data/cropped_rois/roi_0131.jpg
roi_0132,DSC_5566.JPG,1948,1507,2644,2446,268792,2296,1976,data/cropped_rois/roi_0132.jpg
roi_0133,DSC_5566.JPG,1109,584,2143,2081,733884,1626,1332,data/cropped_rois/roi_0133.jpg
roi_0134,DSC_5566.JPG,2945,374,3715,1581,241486,3330,977,data/cropped_rois/roi_0134.jpg
roi_0135,DSC_5566.JPG,184,283,1164,1763,551131,674,1023,data/cropped_rois/roi_0135.jpg
roi_0136,DSC_5575.JPG,1814,1651,2540,2504,193185,2177,2077,data/cropped_rois/roi_0136.jpg
roi_0137,DSC_5575.JPG,569,1349,1963,1907,232878,1266,1628,data/cropped_rois/roi_0137.jpg
roi_0138,DSC_5575.JPG,975,573,1840,1205,238772,1407,889,data/cropped_rois/roi_0138.jpg
roi_0139,DSC_5575.JPG,0,348,1126,1510,543101,553,929,data/cropped_rois/roi_0139.jpg
roi_0140,DSC_5575.JPG,1765,89,4175,1382,1583269,2970,735,data/cropped_rois/roi_0140.jpg
roi_0141,DSC_5677.JPG,0,0,3696,2448,6503281,1848,1224,data/cropped_rois/roi_0141.jpg
roi_0142,DSC_5677.JPG,0,0,1623,488,647657,801,234,data/cropped_rois/roi_0142.jpg
roi_0143,DSC_5680.JPG,0,0,3696,2448,7315684,1848,1224,data/cropped_rois/roi_0143.jpg
roi_0144,DSC_5681.JPG,0,692,581,1658,158923,280,1175,data/cropped_rois/roi_0144.jpg
roi_0145,DSC_5681.JPG,1147,511,2028,1355,195686,1587,933,data/cropped_rois/roi_0145.jpg
roi_0146,DSC_5681.JPG,0,366,3696,2448,2613098,1848,1417,data/cropped_rois/roi_0146.jpg
roi_0147,DSC_5681.JPG,0,0,508,646,188406,244,313,data/cropped_rois/roi_0147.jpg
roi_0148,DSC_5682.JPG,3242,0,3696,465,92710,3479,222,data/cropped_rois/roi_0148.jpg
roi_0149,DSC_5682.JPG,0,0,3696,2448,3251433,1848,1224,data/cropped_rois/roi_0149.jpg
roi_0150,DSC_5682.JPG,0,0,554,600,186254,267,290,data/cropped_rois/roi_0150.jpg
roi_0151,DSC_5683.JPG,3128,0,3696,674,196120,3422,327,data/cropped_rois/roi_0151.jpg
roi_0152,DSC_5683.JPG,0,0,3696,2448,6815536,1848,1224,data/cropped_rois/roi_0152.jpg
roi_0153,DSC_5683.JPG,287,0,1733,311,200667,1010,145,data/cropped_rois/roi_0153.jpg
roi_0154,DSC_5687.JPG,0,1572,414,2933,352455,197,2252,data/cropped_rois/roi_0154.jpg
roi_0155,DSC_5687.JPG,588,723,2448,3510,3490580,1528,2116,data/cropped_rois/roi_0155.jpg
roi_0156,DSC_5687.JPG,0,186,1453,1172,739030,716,679,data/cropped_rois/roi_0156.jpg
roi_0157,DSC_5690.JPG,191,0,1864,940,1159175,1037,470,data/cropped_rois/roi_0157.jpg
roi_0158,DSC_5691.JPG,0,1089,2322,2448,2249884,1151,1778,data/cropped_rois/roi_0158.jpg
roi_0159,DSC_5691.JPG,2445,809,3094,1456,90718,2769,1132,data/cropped_rois/roi_0159.jpg
roi_0160,DSC_5691.JPG,620,461,2702,997,145140,1661,729,data/cropped_rois/roi_0160.jpg
roi_0161,DSC_5692.JPG,2532,886,3244,1849,156448,2888,1367,data/cropped_rois/roi_0161.jpg
roi_0162,DSC_5692.JPG,1324,0,2244,562,161945,1784,271,data/cropped_rois/roi_0162.jpg
roi_0163,DSC_5692.JPG,0,0,3052,2448,4121699,1516,1224,data/cropped_rois/roi_0163.jpg
roi_0164,DSC_5698.JPG,0,0,3696,2448,7870390,1848,1224,data/cropped_rois/roi_0164.jpg
roi_0165,DSC_5701.JPG,0,0,1849,1288,2290213,924,644,data/cropped_rois/roi_0165.jpg
roi_0166,DSC_5703.JPG,0,0,1523,1129,1169182,761,564,data/cropped_rois/roi_0166.jpg
roi_0167,DSC_5710.JPG,0,1582,696,2121,166875,338,1851,data/cropped_rois/roi_0167.jpg
roi_0168,DSC_5710.JPG,0,270,1398,1505,658312,689,887,data/cropped_rois/roi_0168.jpg
roi_0169,DSC_5710.JPG,1376,259,2076,949,140521,1726,604,data/cropped_rois/roi_0169.jpg
roi_0170,DSC_5710.JPG,1913,0,3696,2378,1634301,2814,1179,data/cropped_rois/roi_0170.jpg
roi_0171,DSC_5710.JPG,1909,0,2634,1175,269611,2271,577,data/cropped_rois/roi_0171.jpg
roi_0172,DSC_5770.JPG,0,0,2753,634,968164,1376,317,data/cropped_rois/roi_0172.jpg
roi_0173,DSC_5770.JPG,0,0,396,427,53057,188,203,data/cropped_rois/roi_0173.jpg
roi_0174,DSC_5779.JPG,0,964,274,1177,24633,127,1080,data/cropped_rois/roi_0174.jpg
roi_0175,DSC_5779.JPG,152,486,526,810,27526,339,648,data/cropped_rois/roi_0175.jpg
roi_0176,DSC_5779.JPG,106,401,1755,1177,557163,930,799,data/cropped_rois/roi_0176.jpg
roi_0177,DSC_5779.JPG,0,101,276,363,24157,128,232,data/cropped_rois/roi_0177.jpg
roi_0178,DSC_5779.JPG,458,0,1810,391,219257,1144,185,data/cropped_rois/roi_0178.jpg
roi_0179,DSC_578325151.JPG,0,95,959,944,589815,479,529,data/cropped_rois/roi_0179.jpg
roi_0180,DSC_5783sds.JPG,0,206,582,1094,411716,291,660,data/cropped_rois/roi_0180.jpg
roi_0181,DSC_5783sds.JPG,306,125,493,263,7383,399,194,data/cropped_rois/roi_0181.jpg
roi_0182,DSC_839222.JPG,0,0,2435,1215,2609672,1217,607,data/cropped_rois/roi_0182.jpg
roi_0183,DSC_8392666.JPG,0,0,1544,1187,1572428,772,593,data/cropped_rois/roi_0183.jpg
roi_0184,DSC_8394124.JPG,832,177,1562,580,129353,1197,378,data/cropped_rois/roi_0184.jpg
roi_0185,DSC_8394124.JPG,833,47,1088,276,13131,960,161,data/cropped_rois/roi_0185.jpg
roi_0186,DSC_8394124.JPG,148,16,426,228,16231,287,122,data/cropped_rois/roi_0186.jpg
roi_0187,DSC_8400.JPG,1594,0,2463,966,431679,2038,473,data/cropped_rois/roi_0187.jpg
roi_0188,DSC_8400.JPG,0,0,2463,2448,4125301,1231,1224,data/cropped_rois/roi_0188.jpg
roi_0189,DSC_8404.JPG,520,1039,3538,2448,1596061,2029,1753,data/cropped_rois/roi_0189.jpg
roi_0190,DSC_8404.JPG,2545,0,3256,769,162635,2900,374,data/cropped_rois/roi_0190.jpg
roi_0191,DSC_8404.JPG,0,0,2393,1843,2647248,1186,911,data/cropped_rois/roi_0191.jpg
roi_0192,DSC_8407.JPG,157,2142,1025,2448,115175,591,2305,data/cropped_rois/roi_0192.jpg
roi_0193,DSC_8407.JPG,3092,1947,3696,2448,129832,3404,2201,data/cropped_rois/roi_0193.jpg
roi_0194,DSC_8407.JPG,2010,1743,2856,2310,111276,2433,2026,data/cropped_rois/roi_0194.jpg
roi_0195,DSC_8407.JPG,27,0,3426,2345,4459065,1726,1162,data/cropped_rois/roi_0195.jpg
roi_0196,DSC_8407.JPG,0,0,276,771,128248,128,375,data/cropped_rois/roi_0196.jpg
roi_0197,DSC_8408.JPG,0,410,3696,2448,5076186,1848,1439,data/cropped_rois/roi_0197.jpg
roi_0198,DSC_8408.JPG,2604,0,3623,519,187055,3113,249,data/cropped_rois/roi_0198.jpg
roi_0199,DSC_8566.JPG,1824,1607,2320,2245,145129,2072,1926,data/cropped_rois/roi_0199.jpg
roi_0200,DSC_8566.JPG,1258,1284,1624,1861,106556,1441,1572,data/cropped_rois/roi_0200.jpg
roi_0201,DSC_8566.JPG,2892,1100,3526,1579,148419,3209,1339,data/cropped_rois/roi_0201.jpg
roi_0202,DSC_8566.JPG,545,0,3696,1129,1561956,2130,554,data/cropped_rois/roi_0202.jpg
roi_0203,DSC_8623.JPG,2940,83,3696,629,107296,3328,356,data/cropped_rois/roi_0203.jpg
roi_0204,DSC_8626.JPG,414,1511,1117,2018,109529,765,1764,data/cropped_rois/roi_0204.jpg
roi_0205,DSC_8626.JPG,1558,1349,2512,2448,337332,2035,1908,data/cropped_rois/roi_0205.jpg
roi_0206,DSC_8626.JPG,2729,1235,3193,1795,142595,2961,1515,data/cropped_rois/roi_0206.jpg
roi_0207,DSC_8626.JPG,1265,572,1805,1026,109319,1535,799,data/cropped_rois/roi_0207.jpg
roi_0208,DSC_8626.JPG,190,0,1039,248,109314,614,114,data/cropped_rois/roi_0208.jpg
roi_0209,DSC_8628.JPG,1769,1521,2869,2448,327467,2319,1994,data/cropped_rois/roi_0209.jpg
roi_0210,DSC_8628.JPG,1531,707,2128,1420,227438,1829,1063,data/cropped_rois/roi_0210.jpg
roi_0211,DSC_8630.JPG,0,1113,620,2448,409095,300,1790,data/cropped_rois/roi_0211.jpg
roi_0212,DSC_8630.JPG,0,27,618,942,174371,299,484,data/cropped_rois/roi_0212.jpg
roi_0213,DSC_8630.JPG,547,0,3660,2448,3931290,2103,1224,data/cropped_rois/roi_0213.jpg
roi_0214,DSC_8634.JPG,22,266,3685,2448,4373242,1853,1367,data/cropped_rois/roi_0214.jpg
roi_0215,DSC_8635.JPG,3102,172,3696,1386,186020,3403,779,data/cropped_rois/roi_0215.jpg
roi_0216,DSC_8635.JPG,86,131,3416,2448,3938754,1751,1299,data/cropped_rois/roi_0216.jpg
roi_0217,DSC_8636.JPG,2396,1886,3143,2448,167819,2769,2177,data/cropped_rois/roi_0217.jpg
roi_0218,DSC_8636.JPG,340,1864,854,2390,105939,597,2127,data/cropped_rois/roi_0218.jpg
roi_0219,DSC_8636.JPG,3184,1636,3696,2184,157029,3441,1910,data/cropped_rois/roi_0219.jpg
roi_0220,DSC_8636.JPG,1650,1477,2170,1948,145977,1910,1712,data/cropped_rois/roi_0220.jpg
roi_0221,DSC_8636.JPG,367,1291,990,1898,111853,678,1594,data/cropped_rois/roi_0221.jpg
roi_0222,DSC_8636.JPG,963,743,1457,1273,149261,1210,1008,data/cropped_rois/roi_0222.jpg
roi_0223,DSC_8636.JPG,0,117,1372,755,381561,676,436,data/cropped_rois/roi_0223.jpg
roi_0224,DSC_8636.JPG,2334,62,3696,1621,849452,3025,841,data/cropped_rois/roi_0224.jpg
roi_0225,DSC_8636.JPG,1539,45,2292,1111,206300,1915,578,data/cropped_rois/roi_0225.jpg
roi_0226,DSC_8637.JPG,2666,2109,3335,2448,108118,3000,2288,data/cropped_rois/roi_0226.jpg
roi_0227,DSC_8637.JPG,1555,1573,1972,1994,102394,1763,1783,data/cropped_rois/roi_0227.jpg
roi_0228,DSC_8637.JPG,2877,1524,3348,1971,120272,3112,1747,data/cropped_rois/roi_0228.jpg
roi_0229,DSC_8637.JPG,874,1049,1310,1492,110689,1092,1270,data/cropped_rois/roi_0229.jpg
roi_0230,DSC_8637.JPG,0,496,1139,1124,285583,559,810,data/cropped_rois/roi_0230.jpg
roi_0231,DSC_8637.JPG,1379,290,1964,1287,169208,1671,788,data/cropped_rois/roi_0231.jpg
roi_0232,DSC_8637.JPG,1981,211,3414,1575,707686,2697,893,data/cropped_rois/roi_0232.jpg
roi_0233,DSC_8637.JPG,45,43,1121,576,241923,583,309,data/cropped_rois/roi_0233.jpg
roi_0234,DSC_8638.JPG,2901,2134,3487,2448,111457,3194,2301,data/cropped_rois/roi_0234.jpg
roi_0235,DSC_8638.JPG,1254,1713,1798,2238,175323,1526,1975,data/cropped_rois/roi_0235.jpg
roi_0236,DSC_8638.JPG,252,1561,878,2037,147276,565,1799,data/cropped_rois/roi_0236.jpg
roi_0237,DSC_8638.JPG,3036,1477,3515,1941,111248,3275,1709,data/cropped_rois/roi_0237.jpg
roi_0238,DSC_8638.JPG,955,971,1430,1390,113613,1192,1180,data/cropped_rois/roi_0238.jpg
roi_0239,DSC_8638.JPG,211,406,1131,954,191596,671,680,data/cropped_rois/roi_0239.jpg
roi_0240,DSC_8638.JPG,3408,286,3696,1212,124569,3562,749,data/cropped_rois/roi_0240.jpg
roi_0241,DSC_8638.JPG,2906,0,3696,273,100082,3311,126,data/cropped_rois/roi_0241.jpg
roi_0242,DSC_8638.JPG,1714,0,3376,2056,1215588,2545,1018,data/cropped_rois/roi_0242.jpg
roi_0243,DSC_8638.JPG,0,0,966,289,127952,473,134,data/cropped_rois/roi_0243.jpg
roi_0244,DSC_8639.JPG,1624,2073,2207,2448,153020,1915,2270,data/cropped_rois/roi_0244.jpg
roi_0245,DSC_8639.JPG,2688,1898,3251,2448,211437,2969,2183,data/cropped_rois/roi_0245.jpg
roi_0246,DSC_8639.JPG,1119,1555,1644,2055,159827,1381,1805,data/cropped_rois/roi_0246.jpg
roi_0247,DSC_8639.JPG,2822,1286,3323,1724,98359,3072,1505,data/cropped_rois/roi_0247.jpg
roi_0248,DSC_8639.JPG,841,847,1298,1242,99131,1069,1044,data/cropped_rois/roi_0248.jpg
roi_0249,DSC_8639.JPG,1570,594,2178,1240,154918,1874,917,data/cropped_rois/roi_0249.jpg
roi_0250,DSC_8639.JPG,119,334,1016,843,165504,567,588,data/cropped_rois/roi_0250.jpg
roi_0251,DSC_8639.JPG,2063,311,3164,1845,699833,2613,1078,data/cropped_rois/roi_0251.jpg
roi_0252,DSC_8639.JPG,2972,0,3696,621,98678,3344,300,data/cropped_rois/roi_0252.jpg
roi_0253,DSC_8641.JPG,50,0,2171,1148,1615989,1120,574,data/cropped_rois/roi_0253.jpg
roi_0254,DSC_8642.JPG,0,1267,704,2141,297077,342,1704,data/cropped_rois/roi_0254.jpg
roi_0255,DSC_8642.JPG,2476,1244,3378,2448,286491,2927,1856,data/cropped_rois/roi_0255.jpg
roi_0256,DSC_8642.JPG,476,523,1482,1497,167375,979,1010,data/cropped_rois/roi_0256.jpg
roi_0257,DSC_8642.JPG,1678,0,2708,888,432134,2193,434,data/cropped_rois/roi_0257.jpg
roi_0258,DSC_8643.JPG,0,0,3696,2448,6417849,1848,1224,data/cropped_rois/roi_0258.jpg
roi_0259,DSC_8644.JPG,1911,1746,2808,2448,220419,2359,2107,data/cropped_rois/roi_0259.jpg
roi_0260,DSC_8644.JPG,2728,1550,3190,1958,97882,2959,1754,data/cropped_rois/roi_0260.jpg
roi_0261,DSC_8644.JPG,2303,284,2851,718,93575,2577,501,data/cropped_rois/roi_0261.jpg
roi_0262,DSC_8644.JPG,444,241,1371,1252,304467,907,746,data/cropped_rois/roi_0262.jpg
roi_0263,DSC_8645.JPG,1882,1775,2712,2448,194993,2297,2121,data/cropped_rois/roi_0263.jpg
roi_0264,DSC_8645.JPG,2788,1314,3696,2448,228936,3252,1891,data/cropped_rois/roi_0264.jpg
roi_0265,DSC_8645.JPG,562,581,1425,1365,217496,993,973,data/cropped_rois/roi_0265.jpg
roi_0266,DSC_8645.JPG,2964,0,3696,616,240163,3340,298,data/cropped_rois/roi_0266.jpg
roi_0267,DSC_8646.JPG,1468,1737,2595,2448,259487,2031,2102,data/cropped_rois/roi_0267.jpg
roi_0268,DSC_8646.JPG,2512,1347,3696,2448,320563,3114,1907,data/cropped_rois/roi_0268.jpg
roi_0269,DSC_8646.JPG,429,329,1316,1197,340381,872,763,data/cropped_rois/roi_0269.jpg
roi_0270,DSC_8646.JPG,3082,0,3696,504,137892,3399,242,data/cropped_rois/roi_0270.jpg
roi_0271,DSC_8647.JPG,2048,1856,2656,2448,123802,2352,2162,data/cropped_rois/roi_0271.jpg
roi_0272,DSC_8647.JPG,3122,1851,3696,2448,140437,3419,2159,data/cropped_rois/roi_0272.jpg
roi_0273,DSC_8647.JPG,532,490,1416,1467,322274,974,978,data/cropped_rois/roi_0273.jpg
roi_0274,DSC_8648.JPG,192,1997,973,2395,79209,582,2196,data/cropped_rois/roi_0274.jpg
roi_0275,DSC_8648.JPG,962,0,2291,2434,1553290,1636,1217,data/cropped_rois/roi_0275.jpg
roi_0276,DSC_8648.JPG,452,0,1126,217,63094,789,98,data/cropped_rois/roi_0276.jpg
roi_0277,DSC_8650.JPG,1661,1841,2476,2448,157036,2068,2154,data/cropped_rois/roi_0277.jpg
roi_0278,DSC_8650.JPG,2513,1209,3696,2448,522912,3114,1838,data/cropped_rois/roi_0278.jpg
roi_0279,DSC_8650.JPG,778,1073,1236,1722,105345,1007,1397,data/cropped_rois/roi_0279.jpg
roi_0280,DSC_8650.JPG,249,841,869,1369,146964,559,1105,data/cropped_rois/roi_0280.jpg
roi_0281,DSC_8650.JPG,2407,615,3020,1069,124718,2713,842,data/cropped_rois/roi_0281.jpg
roi_0282,DSC_8651.JPG,1920,1963,2607,2448,107691,2263,2215,data/cropped_rois/roi_0282.jpg
roi_0283,DSC_8651.JPG,2674,1633,3696,2448,490766,3195,2050,data/cropped_rois/roi_0283.jpg
roi_0284,DSC_8651.JPG,443,982,1010,1801,172145,726,1391,data/cropped_rois/roi_0284.jpg
roi_0285,DSC_8651.JPG,1356,946,1858,1608,134654,1607,1277,data/cropped_rois/roi_0285.jpg
roi_0286,DSC_8651.JPG,0,705,535,1364,173106,257,1034,data/cropped_rois/roi_0286.jpg
roi_0287,DSC_8651.JPG,2507,352,3304,920,205907,2905,636,data/cropped_rois/roi_0287.jpg
roi_0288,DSC_8651.JPG,2010,168,2448,673,97732,2229,420,data/cropped_rois/roi_0288.jpg
roi_0289,DSC_8652.JPG,2030,775,3466,2448,764447,2748,1621,data/cropped_rois/roi_0289.jpg
roi_0290,DSC_8652.JPG,570,737,1212,1539,174209,891,1138,data/cropped_rois/roi_0290.jpg
roi_0291,DSC_8652.JPG,2186,244,2920,793,158702,2553,518,data/cropped_rois/roi_0291.jpg
roi_0292,DSC_8652.JPG,1678,18,2119,559,91580,1898,288,data/cropped_rois/roi_0292.jpg
roi_0293,DSC_8652.JPG,187,0,1032,765,228969,609,372,data/cropped_rois/roi_0293.jpg
roi_0294,DSC_8654.JPG,2481,1673,2906,2134,105732,2693,1903,data/cropped_rois/roi_0294.jpg
roi_0295,DSC_8654.JPG,3041,1594,3696,2448,304717,3378,2031,data/cropped_rois/roi_0295.jpg
roi_0296,DSC_8654.JPG,215,928,731,1368,100562,473,1148,data/cropped_rois/roi_0296.jpg
roi_0297,DSC_8654.JPG,600,892,1399,1884,281468,999,1388,data/cropped_rois/roi_0297.jpg
roi_0298,DSC_8654.JPG,1377,824,1906,1362,130268,1641,1093,data/cropped_rois/roi_0298.jpg
roi_0299,DSC_8654.JPG,1404,262,2072,854,125714,1738,558,data/cropped_rois/roi_0299.jpg
roi_0300,DSC_8654.JPG,2576,234,3490,1166,285244,3033,700,data/cropped_rois/roi_0300.jpg
roi_0301,DSC_8654.JPG,1941,12,2488,634,150404,2214,323,data/cropped_rois/roi_0301.jpg
roi_0302,DSC_8654.JPG,118,0,1178,931,400740,648,455,data/cropped_rois/roi_0302.jpg
roi_0303,DSC_8657.JPG,2672,95,3696,920,250582,3194,507,data/cropped_rois/roi_0303.jpg
roi_0304,DSC_8658.JPG,2422,1483,3396,1954,123766,2909,1718,data/cropped_rois/roi_0304.jpg
roi_0305,DSC_8658.JPG,964,0,2173,714,246013,1568,347,data/cropped_rois/roi_0305.jpg
roi_0306,DSC_8661.JPG,235,1454,801,1991,162973,518,1722,data/cropped_rois/roi_0306.jpg
roi_0307,DSC_8661.JPG,648,1082,1327,1716,234560,987,1399,data/cropped_rois/roi_0307.jpg
roi_0308,DSC_8661.JPG,196,1021,508,1450,62255,352,1235,data/cropped_rois/roi_0308.jpg
roi_0309,DSC_8661.JPG,298,392,989,944,166951,643,668,data/cropped_rois/roi_0309.jpg
roi_0310,DSC_8661.JPG,902,156,1540,521,126046,1221,338,data/cropped_rois/roi_0310.jpg
roi_0311,DSC_8661.JPG,1593,0,2103,1138,206690,1848,559,data/cropped_rois/roi_0311.jpg
roi_0312,DSC_8711.JPG,63,330,251,526,9047,157,428,data/cropped_rois/roi_0312.jpg
roi_0313,DSC_8711.JPG,40,97,954,694,270012,507,395,data/cropped_rois/roi_0313.jpg
roi_0314,DSC_8747.JPG,0,1360,907,2349,276959,443,1854,data/cropped_rois/roi_0314.jpg
roi_0315,DSC_8747.JPG,768,973,2454,2270,663439,1611,1621,data/cropped_rois/roi_0315.jpg
roi_0316,DSC_8747.JPG,808,348,1508,1093,145108,1158,720,data/cropped_rois/roi_0316.jpg
roi_0317,DSC_8747.JPG,0,298,970,1205,271311,475,751,data/cropped_rois/roi_0317.jpg
roi_0318,DSC_8907.JPG,238,1032,1721,2032,391192,979,1532,data/cropped_rois/roi_0318.jpg
roi_0319,DSC_8908.JPG,1029,3312,1814,3696,95719,1421,3514,data/cropped_rois/roi_0319.jpg
roi_0320,DSC_8908.JPG,1323,2954,1834,3322,98656,1578,3138,data/cropped_rois/roi_0320.jpg
roi_0321,DSC_8908.JPG,653,2345,1355,3323,232405,1004,2834,data/cropped_rois/roi_0321.jpg
roi_0322,DSC_8908.JPG,533,2032,944,2794,134526,738,2413,data/cropped_rois/roi_0322.jpg
roi_0323,DSC_8908.JPG,1503,1718,2448,3064,509724,1976,2391,data/cropped_rois/roi_0323.jpg
roi_0324,DSC_8908.JPG,1781,1232,2251,1854,103605,2016,1543,data/cropped_rois/roi_0324.jpg
roi_0325,DSC_8909.JPG,0,959,630,2263,397490,305,1611,data/cropped_rois/roi_0325.jpg
roi_0326,DSC_8909.JPG,258,510,1017,941,103270,637,725,data/cropped_rois/roi_0326.jpg
roi_0327,DSC_8909.JPG,894,0,2414,1095,771977,1654,537,data/cropped_rois/roi_0327.jpg
roi_0328,DSC_8910.JPG,1139,0,2202,1159,567503,1670,569,data/cropped_rois/roi_0328.jpg
roi_0329,DSC_8910.JPG,0,0,916,2189,979000,448,1084,data/cropped_rois/roi_0329.jpg
roi_0330,DSC_8915.JPG,153,698,3696,2448,2563819,1934,1583,data/cropped_rois/roi_0330.jpg
roi_0331,DSC_8916.JPG,1406,2089,2080,2448,95409,1743,2278,data/cropped_rois/roi_0331.jpg
roi_0332,DSC_8916.JPG,0,822,2041,2292,965291,1016,1557,data/cropped_rois/roi_0332.jpg
roi_0333,DSC_8916.JPG,1664,532,3694,2165,1168958,2679,1348,data/cropped_rois/roi_0333.jpg
roi_0334,DSC_8916.JPG,1501,0,2019,557,153036,1760,268,data/cropped_rois/roi_0334.jpg
roi_0335,DSC_8916.JPG,687,0,1261,461,93350,974,220,data/cropped_rois/roi_0335.jpg
roi_0336,DSC_8917.JPG,0,186,1510,2413,1228061,745,1299,data/cropped_rois/roi_0336.jpg
roi_0337,DSC_8917.JPG,1072,96,3696,2140,3194207,2394,1118,data/cropped_rois/roi_0337.jpg
roi_0338,DSC_8917.JPG,3221,0,3696,597,96543,3468,288,data/cropped_rois/roi_0338.jpg
roi_0339,DSC_8918.JPG,3164,1974,3696,2448,120057,3440,2221,data/cropped_rois/roi_0339.jpg
roi_0340,DSC_8918.JPG,0,688,1168,2448,907243,574,1578,data/cropped_rois/roi_0340.jpg
roi_0341,DSC_8918.JPG,624,256,3696,2447,3190042,2170,1351,data/cropped_rois/roi_0341.jpg
roi_0342,DSC_8918.JPG,2352,0,3696,1162,312606,3034,571,data/cropped_rois/roi_0342.jpg
roi_0343,DSC_8920.JPG,665,1909,1717,3696,252833,1191,2812,data/cropped_rois/roi_0343.jpg
roi_0344,DSC_8920.JPG,1923,1420,2152,2512,122679,2037,1966,data/cropped_rois/roi_0344.jpg
roi_0345,DSC_8920.JPG,1667,944,1988,1840,92738,1827,1392,data/cropped_rois/roi_0345.jpg
roi_0346,DSC_8920.JPG,831,358,1422,1261,164524,1126,809,data/cropped_rois/roi_0346.jpg
roi_0347,DSC_8920.JPG,0,0,941,1323,436248,460,651,data/cropped_rois/roi_0347.jpg
roi_0348,DSC_8922.JPG,0,898,855,1702,372436,417,1300,data/cropped_rois/roi_0348.jpg
roi_0349,DSC_8922.JPG,3243,0,3696,590,146551,3479,285,data/cropped_rois/roi_0349.jpg
roi_0350,DSC_8922.JPG,2051,0,2765,418,141996,2408,199,data/cropped_rois/roi_0350.jpg
roi_0351,DSC_8922.JPG,0,0,1884,850,345698,932,415,data/cropped_rois/roi_0351.jpg
roi_0352,DSC_8923.JPG,0,0,1155,1470,751104,567,725,data/cropped_rois/roi_0352.jpg
roi_0353,DSC_8924.JPG,3269,980,3696,1764,101565,3492,1372,data/cropped_rois/roi_0353.jpg
roi_0354,DSC_8924.JPG,0,469,1318,1429,482145,649,949,data/cropped_rois/roi_0354.jpg
roi_0355,DSC_8926.JPG,2489,2021,3696,2448,185322,3102,2244,data/cropped_rois/roi_0355.jpg
roi_0356,DSC_8926.JPG,1380,1811,2306,2438,233540,1843,2124,data/cropped_rois/roi_0356.jpg
roi_0357,DSC_8926.JPG,1004,672,2095,1911,314916,1549,1291,data/cropped_rois/roi_0357.jpg
roi_0358,DSC_8926.JPG,1939,596,3508,1821,376283,2723,1208,data/cropped_rois/roi_0358.jpg
roi_0359,DSC_8926.JPG,1397,0,2975,666,299323,2186,323,data/cropped_rois/roi_0359.jpg
roi_0360,DSC_8926.JPG,0,0,1171,763,342210,575,371,data/cropped_rois/roi_0360.jpg
roi_0361,DSC_8927.JPG,0,1154,1760,2448,572089,870,1811,data/cropped_rois/roi_0361.jpg
roi_0362,DSC_8927.JPG,212,760,1070,1554,227375,641,1157,data/cropped_rois/roi_0362.jpg
roi_0363,DSC_8927.JPG,1463,739,3696,2448,1545092,2589,1603,data/cropped_rois/roi_0363.jpg
roi_0364,DSC_8927.JPG,1007,413,1762,1082,115785,1384,747,data/cropped_rois/roi_0364.jpg
roi_0365,DSC_8927.JPG,1416,0,2106,431,145122,1761,205,data/cropped_rois/roi_0365.jpg
roi_0366,DSC_8928.JPG,2159,1650,3407,2448,461256,2783,2059,data/cropped_rois/roi_0366.jpg
roi_0367,DSC_8929.JPG,0,2075,395,2448,95792,187,2271,data/cropped_rois/roi_0367.jpg
roi_0368,DSC_8929.JPG,3021,1596,3696,2448,197277,3368,2032,data/cropped_rois/roi_0368.jpg
roi_0369,DSC_8929.JPG,0,1115,504,1674,101390,242,1394,data/cropped_rois/roi_0369.jpg
roi_0370,DSC_8929.JPG,2054,140,2749,580,108433,2401,360,data/cropped_rois/roi_0370.jpg
roi_0371,DSC_8929.JPG,2974,0,3696,803,356469,3345,391,data/cropped_rois/roi_0371.jpg
roi_0372,DSC_8929.JPG,0,0,1512,794,303452,746,387,data/cropped_rois/roi_0372.jpg
roi_0373,DSC_8930.JPG,0,974,3696,2448,2250417,1848,1721,data/cropped_rois/roi_0373.jpg
roi_0374,DSC_8930.JPG,2515,595,3696,1068,242243,3115,831,data/cropped_rois/roi_0374.jpg
roi_0375,DSC_8930.JPG,1970,0,3696,614,622827,2843,297,data/cropped_rois/roi_0375.jpg
roi_0376,DSC_8930.JPG,0,0,1922,984,841827,951,482,data/cropped_rois/roi_0376.jpg
roi_0377,DSC_8931.JPG,2115,1457,2538,2215,114375,2326,1836,data/cropped_rois/roi_0377.jpg
roi_0378,DSC_8931.JPG,2787,1013,3696,1353,134506,3251,1183,data/cropped_rois/roi_0378.jpg
roi_0379,DSC_8931.JPG,463,745,1305,1214,147293,884,979,data/cropped_rois/roi_0379.jpg
roi_0380,DSC_8931.JPG,1822,534,2672,1440,200267,2247,987,data/cropped_rois/roi_0380.jpg
roi_0381,DSC_8931.JPG,2501,532,3164,1140,110249,2832,836,data/cropped_rois/roi_0381.jpg
roi_0382,DSC_8931.JPG,1083,404,1882,1115,138738,1482,759,data/cropped_rois/roi_0382.jpg
roi_0383,DSC_8931.JPG,51,250,897,968,208221,474,609,data/cropped_rois/roi_0383.jpg
roi_0384,DSC_8931.JPG,2710,0,3696,493,185949,3213,236,data/cropped_rois/roi_0384.jpg
roi_0385,DSC_8931.JPG,1768,0,2898,541,149065,2333,260,data/cropped_rois/roi_0385.jpg
roi_0386,DSC_8932.JPG,671,1655,1383,2448,184573,1027,2061,data/cropped_rois/roi_0386.jpg
roi_0387,DSC_8932.JPG,1008,1311,3426,2448,696718,2217,1889,data/cropped_rois/roi_0387.jpg
roi_0388,DSC_8932.JPG,708,800,2588,1624,477814,1648,1212,data/cropped_rois/roi_0388.jpg
roi_0389,DSC_8934.JPG,2669,1505,3126,2092,115030,2897,1798,data/cropped_rois/roi_0389.jpg
roi_0390,DSC_8934.JPG,485,0,3477,2448,2440543,1981,1224,data/cropped_rois/roi_0390.jpg
roi_0391,DSC_8934.JPG,270,0,1308,404,131028,789,192,data/cropped_rois/roi_0391.jpg
roi_0392,DSC_8936.JPG,1786,957,3696,2448,1140334,2751,1712,data/cropped_rois/roi_0392.jpg
roi_0393,DSC_8936.JPG,3214,75,3696,860,104101,3465,467,data/cropped_rois/roi_0393.jpg
roi_0394,DSC_8936.JPG,717,0,1386,614,139114,1051,297,data/cropped_rois/roi_0394.jpg
roi_0395,DSC_8938.JPG,1713,1128,3696,2448,1044969,2714,1798,data/cropped_rois/roi_0395.jpg
roi_0396,DSC_8938.JPG,827,431,1498,865,112913,1162,648,data/cropped_rois/roi_0396.jpg
roi_0397,DSC_8938.JPG,0,0,1274,821,309528,627,400,data/cropped_rois/roi_0397.jpg
roi_0398,DSC_8940.JPG,2744,1880,3694,2448,179451,3219,2174,data/cropped_rois/roi_0398.jpg
roi_0399,DSC_8940.JPG,3276,1558,3696,2182,93261,3496,1870,data/cropped_rois/roi_0399.jpg
roi_0400,DSC_8940.JPG,2816,728,3524,1542,183133,3170,1135,data/cropped_rois/roi_0400.jpg
roi_0401,DSC_8940.JPG,0,419,2857,2448,2091231,1418,1443,data/cropped_rois/roi_0401.jpg
roi_0402,DSC_8942.JPG,2362,1423,3696,2448,392601,3039,1945,data/cropped_rois/roi_0402.jpg
roi_0403,DSC_8942.JPG,0,792,2268,2448,1471508,1124,1630,data/cropped_rois/roi_0403.jpg
roi_0404,DSC_8942.JPG,874,348,2285,1009,308052,1579,678,data/cropped_rois/roi_0404.jpg
roi_0405,DSC_8942.JPG,2023,4,3696,1673,658951,2869,838,data/cropped_rois/roi_0405.jpg
roi_0406,DSC_8943.JPG,0,1554,1200,2347,437642,590,1950,data/cropped_rois/roi_0406.jpg
roi_0407,DSC_8943.JPG,942,1198,2101,2221,365885,1521,1709,data/cropped_rois/roi_0407.jpg
roi_0408,DSC_8943.JPG,1852,1002,3696,2448,1223866,2784,1735,data/cropped_rois/roi_0408.jpg
roi_0409,DSC_8943.JPG,2531,873,3415,1380,155858,2973,1126,data/cropped_rois/roi_0409.jpg
roi_0410,DSC_8943.JPG,2283,306,3234,806,181880,2758,556,data/cropped_rois/roi_0410.jpg
roi_0411,DSC_8943.JPG,471,0,1652,361,170317,1061,170,data/cropped_rois/roi_0411.jpg
roi_0412,DSC_8944.JPG,2885,774,3696,2448,472454,3300,1621,data/cropped_rois/roi_0412.jpg
roi_0413,DSC_8944.JPG,2088,326,3538,1434,507184,2813,880,data/cropped_rois/roi_0413.jpg
roi_0414,DSC_8944.JPG,3092,0,3696,319,94168,3404,149,data/cropped_rois/roi_0414.jpg
roi_0415,DSC_8944.JPG,0,0,3260,2448,4024742,1620,1224,data/cropped_rois/roi_0415.jpg
roi_0416,DSC_8945.JPG,1325,1625,1885,2011,79967,1605,1828,data/cropped_rois/roi_0416.jpg
roi_0417,DSC_8945.JPG,0,1425,898,2011,281517,439,1728,data/cropped_rois/roi_0417.jpg
roi_0418,DSC_8945.JPG,0,992,478,1516,86215,229,1254,data/cropped_rois/roi_0418.jpg
roi_0419,DSC_8945.JPG,1849,700,3143,2011,819988,2506,1365,data/cropped_rois/roi_0419.jpg
roi_0420,DSC_8946.JPG,528,1735,1162,2448,136040,845,2101,data/cropped_rois/roi_0420.jpg
roi_0421,DSC_8946.JPG,1138,957,3540,2448,1420043,2339,1712,data/cropped_rois/roi_0421.jpg
roi_0422,DSC_8946.JPG,547,225,1586,982,190802,1066,603,data/cropped_rois/roi_0422.jpg
roi_0423,DSC_8947.JPG,459,994,3231,2448,1509348,1845,1731,data/cropped_rois/roi_0423.jpg
roi_0424,DSC_8947.JPG,408,297,1236,927,154670,822,612,data/cropped_rois/roi_0424.jpg
roi_0425,DSC_8948.JPG,2340,2038,3495,2448,201949,2917,2253,data/cropped_rois/roi_0425.jpg
roi_0426,DSC_8948.JPG,2852,1224,3683,2189,184814,3267,1706,data/cropped_rois/roi_0426.jpg
roi_0427,DSC_8948.JPG,1954,649,3098,1865,442069,2526,1257,data/cropped_rois/roi_0427.jpg
roi_0428,DSC_8949.JPG,2037,1913,3696,2448,490074,2876,2190,data/cropped_rois/roi_0428.jpg
roi_0429,DSC_8949.JPG,1687,678,2606,1246,204474,2146,962,data/cropped_rois/roi_0429.jpg
roi_0430,DSC_8949.JPG,3147,0,3696,932,178772,3431,456,data/cropped_rois/roi_0430.jpg
roi_0431,DSC_8954.JPG,1436,508,1625,1070,48030,1530,789,data/cropped_rois/roi_0431.jpg
roi_0432,DSC_8954.JPG,0,324,424,952,103569,211,638,data/cropped_rois/roi_0432.jpg
roi_0433,DSC_8954.JPG,2361,220,3445,1201,333735,2903,710,data/cropped_rois/roi_0433.jpg
roi_0434,DSC_8955.JPG,0,364,3651,2238,2146764,1815,1301,data/cropped_rois/roi_0434.jpg
roi_0435,DSC_8956.JPG,1366,938,1688,1261,30956,1532,1099,data/cropped_rois/roi_0435.jpg
roi_0436,DSC_8956.JPG,1308,0,1688,221,35674,1508,100,data/cropped_rois/roi_0436.jpg
roi_0437,DSC_8956.JPG,0,0,1489,863,717980,734,421,data/cropped_rois/roi_0437.jpg
roi_0438,DSC_8957.JPG,2282,764,3064,1290,146241,2673,1027,data/cropped_rois/roi_0438.jpg
roi_0439,DSC_8957.JPG,0,636,2568,2228,2028059,1274,1432,data/cropped_rois/roi_0439.jpg
roi_0440,DSC_8957.JPG,617,259,1429,809,180190,1023,534,data/cropped_rois/roi_0440.jpg
roi_0441,DSC_8957.JPG,176,163,642,687,119391,409,425,data/cropped_rois/roi_0441.jpg
roi_0442,DSC_8958.JPG,689,1568,1279,2152,134703,984,1860,data/cropped_rois/roi_0442.jpg
roi_0443,DSC_8958.JPG,1171,1092,1771,1930,189270,1471,1511,data/cropped_rois/roi_0443.jpg
roi_0444,DSC_8958.JPG,394,898,1158,1442,100610,776,1170,data/cropped_rois/roi_0444.jpg
roi_0445,DSC_8958.JPG,784,705,3260,2448,1200217,2022,1586,data/cropped_rois/roi_0445.jpg
roi_0446,DSC_8958.JPG,2988,481,3696,1852,331161,3352,1166,data/cropped_rois/roi_0446.jpg
roi_0447,DSC_8958.JPG,0,110,346,646,99332,163,378,data/cropped_rois/roi_0447.jpg
roi_0448,DSC_8958.JPG,1530,68,3122,650,280665,2326,359,data/cropped_rois/roi_0448.jpg
roi_0449,DSC_8962.JPG,3134,1571,3696,2448,244444,3425,2019,data/cropped_rois/roi_0449.jpg
roi_0450,DSC_8962.JPG,0,436,1681,2448,1442608,830,1452,data/cropped_rois/roi_0450.jpg
roi_0451,DSC_8962.JPG,1588,374,3430,2448,1663139,2509,1421,data/cropped_rois/roi_0451.jpg
roi_0452,DSC_8963.JPG,3310,1660,3696,2281,139986,3513,1970,data/cropped_rois/roi_0452.jpg
roi_0453,DSC_8963.JPG,421,1291,1275,1618,98439,848,1454,data/cropped_rois/roi_0453.jpg
roi_0454,DSC_8963.JPG,2790,853,3696,1226,173383,3253,1039,data/cropped_rois/roi_0454.jpg
roi_0455,DSC_8963.JPG,0,689,949,1377,201359,464,1033,data/cropped_rois/roi_0455.jpg
roi_0456,DSC_8964.JPG,1938,1505,2740,2034,135543,2339,1769,data/cropped_rois/roi_0456.jpg
roi_0457,DSC_8964.JPG,509,448,1244,984,139143,876,716,data/cropped_rois/roi_0457.jpg
roi_0458,DSC_8965.JPG,0,0,3696,2448,5862252,1848,1224,data/cropped_rois/roi_0458.jpg
roi_0459,DSC_8966.JPG,450,849,933,1716,91788,691,1282,data/cropped_rois/roi_0459.jpg
roi_0460,DSC_8966.JPG,3277,551,3696,1280,140976,3496,915,data/cropped_rois/roi_0460.jpg
roi_0461,DSC_8966.JPG,884,0,3188,1834,2168274,2036,907,data/cropped_rois/roi_0461.jpg
roi_0462,DSC_8967.JPG,2268,576,3696,2448,761917,2992,1516,data/cropped_rois/roi_0462.jpg
roi_0463,DSC_8967.JPG,0,287,2363,2448,2973898,1171,1377,data/cropped_rois/roi_0463.jpg
roi_0464,DSC_8969.JPG,3024,1394,3696,1960,114020,3370,1677,data/cropped_rois/roi_0464.jpg
roi_0465,DSC_8969.JPG,0,26,3696,2448,4590484,1848,1247,data/cropped_rois/roi_0465.jpg
roi_0466,DSC_8970.JPG,3025,1414,3696,1974,102865,3370,1694,data/cropped_rois/roi_0466.jpg
roi_0467,DSC_8970.JPG,0,0,3696,2448,4550335,1848,1230,data/cropped_rois/roi_0467.jpg
roi_0468,DSC_8971.JPG,2327,2067,3192,2448,109210,2759,2267,data/cropped_rois/roi_0468.jpg
roi_0469,DSC_8971.JPG,3118,1894,3586,2448,125262,3352,2181,data/cropped_rois/roi_0469.jpg
roi_0470,DSC_8971.JPG,0,758,1116,2175,601560,548,1466,data/cropped_rois/roi_0470.jpg
roi_0471,DSC_8971.JPG,0,480,852,1473,239769,416,976,data/cropped_rois/roi_0471.jpg
roi_0472,DSC_8971.JPG,2128,0,3203,461,273197,2665,220,data/cropped_rois/roi_0472.jpg
roi_0473,DSC_8971.JPG,0,0,938,583,217234,459,281,data/cropped_rois/roi_0473.jpg
roi_0474,DSC_8972.JPG,0,73,3696,2448,5059886,1848,1270,data/cropped_rois/roi_0474.jpg
roi_0475,DSC_8972.JPG,1895,0,2987,391,157926,2441,185,data/cropped_rois/roi_0475.jpg
roi_0476,DSC_8976.JPG,0,0,3696,2448,7469102,1848,1224,data/cropped_rois/roi_0476.jpg
roi_0477,DSC_8977.JPG,3010,0,3696,814,236322,3363,397,data/cropped_rois/roi_0477.jpg
roi_0478,DSC_8977.JPG,0,0,3696,2448,6724247,1848,1224,data/cropped_rois/roi_0478.jpg
roi_0479,DSC_8978.JPG,2223,1040,3696,2448,1010249,2969,1754,data/cropped_rois/roi_0479.jpg
roi_0480,DSC_8978.JPG,0,898,2281,2448,1708925,1130,1683,data/cropped_rois/roi_0480.jpg
roi_0481,DSC_8978.JPG,710,273,1759,748,132756,1234,510,data/cropped_rois/roi_0481.jpg
roi_0482,DSC_8978.JPG,806,0,3696,1421,940918,2261,700,data/cropped_rois/roi_0482.jpg
roi_0483,DSC_8979.JPG,1944,1997,2688,2448,100038,2316,2232,data/cropped_rois/roi_0483.jpg
roi_0484,DSC_8979.JPG,0,1800,1050,2409,169794,515,2104,data/cropped_rois/roi_0484.jpg
roi_0485,DSC_8979.JPG,0,889,770,1832,237672,375,1360,data/cropped_rois/roi_0485.jpg
roi_0486,DSC_8979.JPG,706,823,2048,2445,638669,1377,1634,data/cropped_rois/roi_0486.jpg
roi_0487,DSC_8979.JPG,2150,776,3247,1085,144522,2698,930,data/cropped_rois/roi_0487.jpg
roi_0488,DSC_8979.JPG,1389,527,2150,1384,161808,1769,955,data/cropped_rois/roi_0488.jpg
roi_0489,DSC_8979.JPG,2324,0,2973,784,160128,2648,382,data/cropped_rois/roi_0489.jpg
roi_0490,DSC_8979.JPG,1124,0,2010,467,156048,1567,223,data/cropped_rois/roi_0490.jpg
roi_0491,DSC_8979.JPG,455,0,1204,406,90935,829,193,data/cropped_rois/roi_0491.jpg
roi_0492,DSC_9089.jpg,2720,1420,3696,2448,529778,3218,1944,data/cropped_rois/roi_0492.jpg
roi_0493,DSC_9089.jpg,2632,805,3132,1562,91656,2882,1183,data/cropped_rois/roi_0493.jpg
roi_0494,DSC_9089.jpg,1328,446,2462,1631,455986,1895,1038,data/cropped_rois/roi_0494.jpg
roi_0495,DSC_9089.jpg,1846,0,3306,622,247179,2576,301,data/cropped_rois/roi_0495.jpg
roi_0496,DSC_9089.jpg,812,0,1852,584,205307,1332,282,data/cropped_rois/roi_0496.jpg
roi_0497,DSC_9089.jpg,0,0,2290,2448,1901038,1135,1224,data/cropped_rois/roi_0497.jpg
roi_0498,DSC_9090.jpg,1772,1994,2267,2448,94360,2019,2231,data/cropped_rois/roi_0498.jpg
roi_0499,DSC_9090.jpg,2136,823,3696,2448,938232,2926,1645,data/cropped_rois/roi_0499.jpg
roi_0500,DSC_9090.jpg,906,697,1676,1440,244402,1291,1068,data/cropped_rois/roi_0500.jpg
roi_0501,DSC_9090.jpg,0,149,1778,2302,1132893,879,1225,data/cropped_rois/roi_0501.jpg
roi_0502,DSC_9090.jpg,2918,70,3696,538,126447,3317,304,data/cropped_rois/roi_0502.jpg
roi_0503,DSC_9090.jpg,594,0,1414,626,134764,1004,303,data/cropped_rois/roi_0503.jpg
roi_0504,DSC_9468.JPG,1467,974,2414,1523,204577,1940,1248,data/cropped_rois/roi_0504.jpg
roi_0505,DSC_9468.JPG,2045,700,2676,1170,125030,2360,935,data/cropped_rois/roi_0505.jpg
roi_0506,DSC_9468.JPG,0,434,2688,2448,1983605,1334,1451,data/cropped_rois/roi_0506.jpg
roi_0507,DSC_9468.JPG,3227,0,3696,604,104341,3471,292,data/cropped_rois/roi_0507.jpg
roi_0508,DSC_9468.JPG,1049,0,3696,1073,816452,2382,526,data/cropped_rois/roi_0508.jpg
roi_0509,DSC_9638.JPG,1478,1897,1896,2446,84613,1697,2171,data/cropped_rois/roi_0509.jpg
roi_0510,DSC_9638.JPG,0,0,1896,2448,3608773,948,1224,data/cropped_rois/roi_0510.jpg
roi_0511,DSC_9652.JPG,940,1800,1812,2448,193989,1376,2134,data/cropped_rois/roi_0511.jpg
roi_0512,DSC_9652.JPG,318,701,1645,1893,576641,981,1297,data/cropped_rois/roi_0512.jpg
roi_0513,DSC_9652.JPG,1584,628,3696,2448,1681794,2650,1548,data/cropped_rois/roi_0513.jpg
roi_0514,DSC_9652.JPG,2293,0,3193,741,347242,2743,360,data/cropped_rois/roi_0514.jpg
roi_0515,DSC_9652.JPG,1093,0,2018,723,264949,1555,351,data/cropped_rois/roi_0515.jpg
roi_0516,DSC_9652.JPG,0,0,839,630,256804,409,305,data/cropped_rois/roi_0516.jpg
roi_0517,E. heracleoides.JPG,2209,1195,2960,2448,273921,2584,1831,data/cropped_rois/roi_0517.jpg
roi_0518,E. heracleoides.JPG,853,1028,1416,2448,217795,1134,1748,data/cropped_rois/roi_0518.jpg
roi_0519,E. heracleoides.JPG,2877,924,3696,2448,469566,3296,1696,data/cropped_rois/roi_0519.jpg
roi_0520,E. heracleoides.JPG,1221,832,2091,2448,319882,1656,1650,data/cropped_rois/roi_0520.jpg
roi_0521,E. heracleoides.JPG,2937,564,3688,1751,126627,3312,1157,data/cropped_rois/roi_0521.jpg
roi_0522,E. heracleoides.JPG,1458,451,2040,823,99664,1749,637,data/cropped_rois/roi_0522.jpg
roi_0523,E. heracleoides.JPG,2035,383,2550,1244,101719,2292,813,data/cropped_rois/roi_0523.jpg
roi_0524,E. heracleoides.JPG,707,265,1283,1083,153338,995,674,data/cropped_rois/roi_0524.jpg
roi_0525,E. heracleoides.JPG,0,0,632,715,173275,306,347,data/cropped_rois/roi_0525.jpg
roi_0526,E. umbellatum var. stellatum-1.JPG,1889,550,2765,1119,249367,2327,844,data/cropped_rois/roi_0526.jpg
roi_0527,E. umbellatum var. stellatum-1.JPG,2576,232,3215,971,147053,2895,601,data/cropped_rois/roi_0527.jpg
roi_0528,E. umbellatum var. stellatum-1.JPG,2445,0,3218,356,63560,2831,168,data/cropped_rois/roi_0528.jpg
roi_0529,E. umbellatum var. stellatum-1.JPG,0,0,2503,1119,1359858,1241,559,data/cropped_rois/roi_0529.jpg
roi_0530,E. umbellatum var. stellatum-2.JPG,0,0,2798,701,1536795,1399,350,data/cropped_rois/roi_0530.jpg
roi_0531,E. umbellatum var. stellatum[1].JPG,1467,974,2414,1523,204577,1940,1248,data/cropped_rois/roi_0531.jpg
roi_0532,E. umbellatum var. stellatum[1].JPG,2045,700,2676,1170,125030,2360,935,data/cropped_rois/roi_0532.jpg
roi_0533,E. umbellatum var. stellatum[1].JPG,0,434,2688,2448,1983605,1334,1451,data/cropped_rois/roi_0533.jpg
roi_0534,E. umbellatum var. stellatum[1].JPG,3227,0,3696,604,104341,3471,292,data/cropped_rois/roi_0534.jpg
roi_0535,E. umbellatum var. stellatum[1].JPG,1049,0,3696,1073,816452,2382,526,data/cropped_rois/roi_0535.jpg
roi_0536,E. umbellatum var. stellatum[2].JPG,0,1472,1410,2448,670767,695,1970,data/cropped_rois/roi_0536.jpg
roi_0537,E. umbellatum var. stellatum[2].JPG,1138,75,2598,2448,1653018,1868,1271,data/cropped_rois/roi_0537.jpg
roi_0538,E. umbellatumvar.bahiiforme(1).JPG,1100,2126,2026,2448,98831,1563,2297,data/cropped_rois/roi_0538.jpg
roi_0539,E. umbellatumvar.bahiiforme(1).JPG,444,351,3696,2448,3504041,2080,1409,data/cropped_rois/roi_0539.jpg
roi_0540,E. umbellatumvar.bahiiforme(2).JPG,0,0,3696,2448,6797828,1848,1224,data/cropped_rois/roi_0540.jpg
roi_0541,E.heracleoides ziedynas.JPG,1507,613,2969,2448,740739,2238,1540,data/cropped_rois/roi_0541.jpg
roi_0542,E.umbellatum var. bahiiforme.JPG,1854,2113,2892,2448,171635,2373,2290,data/cropped_rois/roi_0542.jpg
roi_0543,E.umbellatum var. bahiiforme.JPG,2040,902,3180,1671,257321,2610,1286,data/cropped_rois/roi_0543.jpg
roi_0544,E.umbellatum var. bahiiforme.JPG,0,401,2179,1619,1274749,1079,1010,data/cropped_rois/roi_0544.jpg
roi_0545,E.umbellatum var.stellatum(bendras vaizdas)-4.JPG,0,0,1861,1180,1791216,930,590,data/cropped_rois/roi_0545.jpg
roi_0546,E.umbellatum var.stellatum(bendras vaizdas)-4.JPG,0,0,418,403,54665,199,191,data/cropped_rois/roi_0546.jpg
roi_0547,IMGP3799.jpg,0,0,3008,2000,4595681,1504,1000,data/cropped_rois/roi_0547.jpg
roi_0548,IMGP6735.JPG,0,263,2104,1799,1045597,1042,1031,data/cropped_rois/roi_0548.jpg
roi_0549,IMGP6735.JPG,295,160,1670,612,164259,982,386,data/cropped_rois/roi_0549.jpg
roi_0550,IMGP6735.JPG,2127,2,3008,452,170645,2577,227,data/cropped_rois/roi_0550.jpg
roi_0551,IMGP7230.JPG,741,893,1084,1049,24366,912,981,data/cropped_rois/roi_0551.jpg
roi_0552,IMGP7230.JPG,1081,747,1446,1049,45554,1263,908,data/cropped_rois/roi_0552.jpg
roi_0553,IMGP7230.JPG,860,608,1267,868,29860,1063,738,data/cropped_rois/roi_0553.jpg
roi_0554,IMGP7230.JPG,317,422,529,678,19656,423,550,data/cropped_rois/roi_0554.jpg
roi_0555,IMGP7230.JPG,748,291,1050,646,32551,899,468,data/cropped_rois/roi_0555.jpg
roi_0556,IMGP7230.JPG,1091,41,1436,589,73651,1263,315,data/cropped_rois/roi_0556.jpg
roi_0557,IMGP7230.JPG,358,40,713,363,28331,535,201,data/cropped_rois/roi_0557.jpg
roi_0558,IMGP7230.JPG,1270,0,1687,601,114724,1488,290,data/cropped_rois/roi_0558.jpg
roi_0559,P3240023.JPG m.jpg,584,118,2288,1668,1470462,1446,893,data/cropped_rois/roi_0559.jpg
roi_0560,P3240023.JPG m.jpg,0,46,594,896,241970,287,471,data/cropped_rois/roi_0560.jpg
roi_0561,P3240048.JPG,1495,491,1997,970,64829,1746,730,data/cropped_rois/roi_0561.jpg
roi_0562,P3240048.JPG,0,457,1418,1712,577047,699,1094,data/cropped_rois/roi_0562.jpg
roi_0563,P3240048.JPG,633,343,942,796,49356,787,569,data/cropped_rois/roi_0563.jpg
roi_0564,P3240048.JPG,1796,0,2143,394,47612,1969,187,data/cropped_rois/roi_0564.jpg
roi_0565,P4240127-2.JPG,1367,1151,1932,1536,53179,1649,1353,data/cropped_rois/roi_0565.jpg
roi_0566,P4240127-2.JPG,0,1014,503,1536,78895,241,1285,data/cropped_rois/roi_0566.jpg
roi_0567,P4240127-2.JPG,1680,0,2048,364,39190,1874,172,data/cropped_rois/roi_0567.jpg
roi_0568,P4240127-2.JPG,519,0,1522,1536,791965,1020,768,data/cropped_rois/roi_0568.jpg
roi_0569,P4240127-2.JPG,0,0,500,259,54840,240,119,data/cropped_rois/roi_0569.jpg
roi_0570,P4240129-2.JPG,313,638,716,1076,42139,514,857,data/cropped_rois/roi_0570.jpg
roi_0571,P4240129-2.JPG,1351,345,1754,975,68880,1552,660,data/cropped_rois/roi_0571.jpg
roi_0572,P4240129-2.JPG,656,163,1397,1194,436950,1026,678,data/cropped_rois/roi_0572.jpg
roi_0573,P4240135-2.JPG,0,0,2048,1536,2836395,1024,768,data/cropped_rois/roi_0573.jpg
roi_0574,P4240139-2.JPG,1147,953,1450,1202,35439,1298,1077,data/cropped_rois/roi_0574.jpg
roi_0575,P4240139-2.JPG,0,749,1185,1536,426797,582,1152,data/cropped_rois/roi_0575.jpg
roi_0576,P4240139-2.JPG,1324,506,1930,1536,53948,1627,1031,data/cropped_rois/roi_0576.jpg
roi_0577,P4240139-2.JPG,552,0,1955,1069,548510,1253,524,data/cropped_rois/roi_0577.jpg
roi_0578,P4240139-2.JPG,0,0,321,698,100324,150,339,data/cropped_rois/roi_0578.jpg
roi_0579,P4240142-2.JPG,0,0,2048,1536,2497801,1024,768,data/cropped_rois/roi_0579.jpg
roi_0580,P4240148-2.JPG,0,0,2048,1536,2144325,1024,768,data/cropped_rois/roi_0580.jpg
roi_0581,P4240150-2.JPG,806,995,1132,1324,35607,969,1159,data/cropped_rois/roi_0581.jpg
roi_0582,P4240150-2.JPG,1296,0,1610,290,34622,1453,135,data/cropped_rois/roi_0582.jpg
roi_0583,P4240150-2.JPG,0,0,2048,1536,1294514,1024,768,data/cropped_rois/roi_0583.jpg
roi_0584,P4240151-2.JPG,0,0,2048,2731,5588310,1024,1365,data/cropped_rois/roi_0584.jpg
roi_0585,P4240160-2.JPG,0,1058,286,1731,94754,133,1394,data/cropped_rois/roi_0585.jpg
roi_0586,P4240160-2.JPG,68,0,2048,2705,4194296,1068,1342,data/cropped_rois/roi_0586.jpg
roi_0587,P4240164-2.JPG,0,0,2048,1265,1289176,1024,622,data/cropped_rois/roi_0587.jpg
roi_0588,P4240168-2.JPG,976,1123,1765,1536,79108,1370,1339,data/cropped_rois/roi_0588.jpg
roi_0589,P4240168-2.JPG,0,539,545,759,34973,262,649,data/cropped_rois/roi_0589.jpg
roi_0590,P4240168-2.JPG,579,228,1187,619,33054,883,423,data/cropped_rois/roi_0590.jpg
roi_0591,P4240168-2.JPG,1555,0,2048,641,89001,1811,310,data/cropped_rois/roi_0591.jpg
roi_0592,P4240168-2.JPG,414,0,2048,1536,437080,1241,768,data/cropped_rois/roi_0592.jpg
roi_0593,P4240168-2.JPG,0,0,410,266,46772,195,123,data/cropped_rois/roi_0593.jpg
roi_0594,P4240169-2.JPG,1702,1084,2048,1536,82097,1885,1320,data/cropped_rois/roi_0594.jpg
roi_0595,P4240169-2.JPG,722,354,1507,1330,283483,1114,842,data/cropped_rois/roi_0595.jpg
roi_0596,P4240169-2.JPG,1722,0,2048,440,93940,1895,210,data/cropped_rois/roi_0596.jpg
roi_0597,P4240172-2.JPG,0,0,2048,1536,2207835,1024,768,data/cropped_rois/roi_0597.jpg
roi_0598,P4240177-2.JPG,0,0,2048,1536,2946523,1024,768,data/cropped_rois/roi_0598.jpg
roi_0599,P4260001-2.JPG,0,1240,239,1536,36491,109,1398,data/cropped_rois/roi_0599.jpg
roi_0600,P4260001-2.JPG,0,0,2048,1536,2239409,1024,768,data/cropped_rois/roi_0600.jpg
roi_0601,P4260001-2.JPG,0,0,179,369,41234,79,174,data/cropped_rois/roi_0601.jpg
roi_0602,P4260002-2.JPG,0,0,2048,1536,2596709,1024,768,data/cropped_rois/roi_0602.jpg
roi_0603,P4260002-2.JPG,36,0,452,285,58664,244,132,data/cropped_rois/roi_0603.jpg
roi_0604,P4260005-2.JPG,0,0,2048,1536,3139541,1024,768,data/cropped_rois/roi_0604.jpg
roi_0605,P4260007-2.JPG,747,1288,1085,1536,35394,916,1422,data/cropped_rois/roi_0605.jpg
roi_0606,P4260007-2.JPG,1323,1074,1666,1449,31559,1494,1261,data/cropped_rois/roi_0606.jpg
roi_0607,P4260007-2.JPG,117,971,759,1536,108273,438,1263,data/cropped_rois/roi_0607.jpg
roi_0608,P4260009-2(S).JPG,0,0,2048,1536,1822164,1024,768,data/cropped_rois/roi_0608.jpg
roi_0609,P4260010-2.JPG,1036,736,1431,1048,36092,1233,892,data/cropped_rois/roi_0609.jpg
roi_0610,P4260013-2.JPG,563,1339,1370,1536,53998,966,1447,data/cropped_rois/roi_0610.jpg
roi_0611,P4260013-2.JPG,0,1027,661,1536,136478,320,1286,data/cropped_rois/roi_0611.jpg
roi_0612,P4260013-2.JPG,261,624,670,975,56114,465,799,data/cropped_rois/roi_0612.jpg
roi_0613,P4260013-2.JPG,0,298,458,845,72748,219,571,data/cropped_rois/roi_0613.jpg
roi_0614,P4260013-2.JPG,478,0,2048,1536,927909,1273,768,data/cropped_rois/roi_0614.jpg
roi_0615,P4260017-2.JPG,73,862,1864,1536,335703,968,1209,data/cropped_rois/roi_0615.jpg
roi_0616,P4260017-2.JPG,1109,228,1964,912,244885,1536,570,data/cropped_rois/roi_0616.jpg
roi_0617,P4260017-2.JPG,1570,0,2048,277,79807,1819,128,data/cropped_rois/roi_0617.jpg
roi_0618,P4260017-2.JPG,1154,0,1510,294,40279,1332,137,data/cropped_rois/roi_0618.jpg
roi_0619,P4260022-2.JPG,0,1320,432,1536,43354,206,1438,data/cropped_rois/roi_0619.jpg
roi_0620,P4260022-2.JPG,812,646,1099,1368,98803,955,1007,data/cropped_rois/roi_0620.jpg
roi_0621,P4260022-2.JPG,1702,491,2048,826,60541,1885,658,data/cropped_rois/roi_0621.jpg
roi_0622,P4260024-2.JPG,184,0,2048,1536,2072359,1126,768,data/cropped_rois/roi_0622.jpg
roi_0623,P4260027-2.JPG,1613,1040,1956,1447,36581,1784,1243,data/cropped_rois/roi_0623.jpg
roi_0624,P4260027-2.JPG,106,0,2048,1513,2015169,1087,746,data/cropped_rois/roi_0624.jpg
roi_0625,P4260029-2.JPG,1361,0,1730,327,49885,1545,153,data/cropped_rois/roi_0625.jpg
roi_0626,P4260029-2.JPG,0,0,2048,1444,1534652,1024,712,data/cropped_rois/roi_0626.jpg
roi_0627,P4260031-2.JPG,436,1070,801,1536,77231,618,1313,data/cropped_rois/roi_0627.jpg
roi_0628,P4260031-2.JPG,0,846,192,1414,53976,86,1130,data/cropped_rois/roi_0628.jpg
roi_0629,P4260031-2.JPG,704,431,1659,1424,506701,1181,927,data/cropped_rois/roi_0629.jpg
roi_0630,P4260031-2.JPG,608,26,1471,599,98771,1039,312,data/cropped_rois/roi_0630.jpg
roi_0631,P4260034-2.JPG,1116,0,1934,557,129835,1525,268,data/cropped_rois/roi_0631.jpg
roi_0632,P4260034-2.JPG,0,0,2048,1536,2583942,1024,768,data/cropped_rois/roi_0632.jpg
roi_0633,P4260035-2.JPG,687,1260,1446,1536,67241,1066,1408,data/cropped_rois/roi_0633.jpg
roi_0634,P4260035-2.JPG,0,467,2048,1536,568471,1024,1011,data/cropped_rois/roi_0634.jpg
roi_0635,P4260035-2.JPG,958,0,2048,555,211403,1513,267,data/cropped_rois/roi_0635.jpg
roi_0636,P4260035-2.JPG,0,0,452,364,48108,216,172,data/cropped_rois/roi_0636.jpg
roi_0637,P4260046-2(S).JPG,0,0,2048,1536,2805151,1024,768,data/cropped_rois/roi_0637.jpg
roi_0638,P4260050-2.JPG,0,0,2048,1536,1931980,1024,768,data/cropped_rois/roi_0638.jpg
roi_0639,P4260053-2.JPG,1787,0,2048,453,46382,1927,216,data/cropped_rois/roi_0639.jpg
roi_0640,P4260053-2.JPG,1389,0,1757,191,33686,1573,85,data/cropped_rois/roi_0640.jpg
roi_0641,P4260053-2.JPG,0,0,2048,1536,1861561,1024,768,data/cropped_rois/roi_0641.jpg
roi_0642,P4260053-2.JPG,76,0,1054,353,58880,565,166,data/cropped_rois/roi_0642.jpg
roi_0643,P4260057-2.JPG,0,0,2048,1536,2402133,1024,768,data/cropped_rois/roi_0643.jpg
roi_0644,P4260062-2.JPG,1425,1125,1794,1536,41083,1609,1340,data/cropped_rois/roi_0644.jpg
roi_0645,P4260062-2.JPG,1258,985,1428,1536,42249,1343,1270,data/cropped_rois/roi_0645.jpg
roi_0646,P4260062-2.JPG,762,961,1113,1519,50249,937,1240,data/cropped_rois/roi_0646.jpg
roi_0647,P4260062-2.JPG,0,798,451,1536,172096,215,1177,data/cropped_rois/roi_0647.jpg
roi_0648,P4260062-2.JPG,442,553,747,1061,43665,594,807,data/cropped_rois/roi_0648.jpg
roi_0649,P4260062-2.JPG,241,130,658,577,82073,449,353,data/cropped_rois/roi_0649.jpg
roi_0650,P4260063-2.JPG,0,201,2048,1536,1489893,1024,878,data/cropped_rois/roi_0650.jpg
roi_0651,P4260067-2.JPG,1124,560,1629,908,53432,1376,734,data/cropped_rois/roi_0651.jpg
roi_0652,P4260067-2.JPG,953,269,1521,601,58085,1237,435,data/cropped_rois/roi_0652.jpg
roi_0653,P4260067-2.JPG,845,59,1250,501,66582,1047,280,data/cropped_rois/roi_0653.jpg
roi_0654,SV106829.JPG,0,0,3072,2304,5506001,1536,1152,data/cropped_rois/roi_0654.jpg
